n;Lince;Edad_Suelta;suelta;Sexo;Nucleo original;Nucleo reprod;Tras;2014;2015;2016;2017;2018;2019;2020;2021;2022;2023;2024
2;Ketamina;1;2;H;Matachel Sur;Matachel Sur;0;2;10;12;12;12;12;12;12;12;12;12
4;Kodiak;1;2;H;Matachel Sur;Matachel Sur;0;2;4;4;11;12;12;12;12;12;12;12
6;Kakapo;1;2;H;Matachel Sur;Matachel Sur;0;2;4;4;4;4;4;5;5;4;5;4
15;Luna;1;2;H;Matachel Sur;Montes de Toledo;0;0;2;9;9;9;9;9;9;9;9;9
14;Llerena;1;2;H;Matachel Sur;Ortiga;0;0;2;6;8;7;7;7;7;8;7;7
17;Lechuza;1;2;H;Matachel Sur;Matachel Sur;0;0;2;4;4;4;4;4;4;12;12;12
11;Merida;NA;1;H;Matachel Sur;Matachel Sur;0;0;1;11;12;12;12;12;12;12;12;12
8;Mene;NA;1;H;Matachel Sur;Matachel Sur;0;0;1;2;3;4;4;4;5;4;4;12
32;Maguilla;1;2;H;Matachel Sur;Portugal;0;0;0;2;12;12;12;12;12;9;9;9
36;Maraca;1;2;H;Matachel Sur;Matachel Norte;0;0;0;2;6;7;7;7;7;8;7;7
31;Magacela;1;2;H;Matachel Sur;Matachel Sur;0;0;0;2;3;11;12;12;12;12;12;12
35;Medea;1;2;H;Matachel Sur;Matachel Sur;0;0;0;2;3;5;4;4;4;4;5;11
33;Miera;1;2;H;Matachel Sur;Valdecañas;1;0;0;2;3;5;4;4;4;4;4;4
19;Nauta;NA;1;H;Matachel Sur;Matachel Sur;0;0;0;1;12;12;12;12;12;12;12;12
25;Numancia;NA;1;H;Matachel Sur;Matachel Sur;0;0;0;1;2;3;5;5;5;5;5;5
27;Nube;NA;1;H;Matachel Sur;Matachel Sur;0;0;0;1;2;3;4;4;4;4;4;4
54;Nebulosa;1;2;H;Matachel Sur;Matachel Norte;0;0;0;0;2;7;8;7;7;7;8;12
47;Namibia;1;2;H;Matachel Sur;Sotillo;0;0;0;0;2;6;7;11;12;12;12;12
49;Noz;1;2;H;Matachel Sur;Valdecigüeñas;0;0;0;0;2;6;7;11;12;12;12;12
55;Nevada;1;2;H;Matachel Sur;Matachel Sur;0;0;0;0;2;3;4;4;4;4;4;4
41;O2 Lechuza;NA;1;H;Matachel Sur;Matachel Sur;0;0;0;0;1;10;12;12;12;12;12;12
43;Ona;NA;1;H;Matachel Sur;Matachel Sur;0;0;0;0;1;2;4;5;4;5;5;11
44;Ortegana;NA;1;H;Matachel Sur;Matachel Sur;0;0;0;0;1;2;4;4;10;12;12;12
42;Orellana;NA;1;H;Matachel Sur;Matachel Sur;0;0;0;0;1;2;3;5;5;4;4;5
79;Osadía;1;2;H;Matachel Sur;Matachel Sur;0;0;0;0;0;2;11;12;12;12;12;12
80;Órbita;1;2;H;Matachel Sur;Matachel Sur;0;0;0;0;0;2;3;10;12;12;12;12
57;Polinia;NA;1;H;Matachel Norte;Matachel Norte;0;0;0;0;0;1;2;12;12;12;12;12
67;Pompeya;NA;1;H;Matachel Sur;Matachel Sur;0;0;0;0;0;1;2;4;12;12;12;12
68;Pínea;NA;1;H;Ortiga;Ortiga;0;0;0;0;0;1;2;4;5;11;12;12
75;Promesa;NA;1;H;Matachel Sur;Matachel Sur;0;0;0;0;0;1;2;4;5;4;5;11
73;Pirita;NA;1;H;Matachel Sur;Matachel Sur;0;0;0;0;0;1;2;4;4;4;4;5
70;Pipeta;NA;1;H;Matachel Norte;Matachel Norte;0;0;0;0;0;1;2;4;4;4;4;4
60;Panacea;NA;1;H;Matachel Sur;Matachel Sur;0;0;0;0;0;1;2;3;12;12;12;12
62;Pera;NA;1;H;Matachel Sur;Matachel Sur;0;0;0;0;0;1;2;3;5;5;5;5
63;Planta;NA;1;H;Ortiga;Ortiga;0;0;0;0;0;1;2;3;4;5;4;4
64;Panícula;NA;1;H;Matachel Sur;Matachel Sur;0;0;0;0;0;1;2;3;4;4;4;4
65;Puna;NA;1;H;Ortiga;Ortiga;0;0;0;0;0;1;2;3;4;4;4;4
128;Panera;1;2;H;Matachel Sur;Matachel Sur;0;0;0;0;0;0;2;12;12;12;12;12
125;Prosa;1;2;H;Valdecañas;Matachel Sur;1;0;0;0;0;0;2;12;12;12;12;12
129;Palmera;1;2;H;Matachel Sur;Matachel Sur;0;0;0;0;0;0;2;10;12;12;12;12
130;Plastilina;1;2;H;Ortiga;Sotillo;1;0;0;0;0;0;2;6;8;11;12;12
131;Pita;1;2;H;Toledo;Ibores;0;0;0;0;0;0;2;6;8;7;7;7
85;Quincalla;NA;1;H;Matachel Sur;Matachel Sur;0;0;0;0;0;0;1;12;12;12;12;12
87;Quizás;NA;1;H;Matachel Norte;Matachel Norte;0;0;0;0;0;0;1;12;12;12;12;12
89;Querella;NA;1;H;Matachel Sur;Matachel Sur;0;0;0;0;0;0;1;10;12;12;12;12
97;Quillotra;NA;1;H;Matachel Sur;Matachel Sur;0;0;0;0;0;0;1;2;12;12;12;12
98;Quinaquina;NA;1;H;Valdecigüeñas;Valdecigüeñas;0;0;0;0;0;0;1;2;12;12;12;12
102;Quasar;NA;1;H;Matachel Sur;Matachel Sur;0;0;0;0;0;0;1;2;12;4;4;12
91;Querubin;NA;1;H;Ortiga;Ortiga;0;0;0;0;0;0;1;2;11;12;12;12
104;Quatar;NA;1;H;Matachel Sur;Matachel Sur;0;0;0;0;0;0;1;2;10;12;12;12
105;Quiebre;NA;1;H;Matachel Sur;Matachel Sur;0;0;0;0;0;0;1;2;10;12;12;12
115;Quilatar;NA;1;H;Matachel Sur;Matachel Sur;0;0;0;0;0;0;1;2;4;10;12;12
117;Quomoquerais;NA;1;H;Valdecañas;Valdecañas;0;0;0;0;0;0;1;2;4;5;4;10
116;Quiscamota;NA;1;H;Matachel Sur;Matachel Sur;0;0;0;0;0;0;1;2;4;5;4;4
109;Quitamanchas;NA;1;H;Matachel Sur;Matachel Sur;0;0;0;0;0;0;1;2;3;12;12;12
110;Quebrantada;NA;1;H;Matachel Sur;Matachel Sur;0;0;0;0;0;0;1;2;3;5;10;12
111;Quebracina;NA;1;H;Matachel Sur;Matachel Sur;0;0;0;0;0;0;1;2;3;4;4;12
112;Quietamente;NA;1;H;Matachel Sur;Matachel Sur;0;0;0;0;0;0;1;2;3;4;4;5
113;Quitapenas;NA;1;H;Matachel Sur;Matachel Sur;0;0;0;0;0;0;1;2;3;4;4;4
186;Quejumbre;1;2;H;Matachel Sur;Matachel Sur;0;0;0;0;0;0;0;2;10;12;12;12
184;Quinquina;1;2;H;Matachel Norte;Matachel Norte;0;0;0;0;0;0;0;2;10;12;12;12
193;Quokka;1;2;H;Valdecañas;Montes de Toledo;0;0;0;0;0;0;0;2;9;9;9;9
188;Quietar;1;2;H;Valdecigüeñas;Valdecigüeñas;0;0;0;0;0;0;0;2;4;5;4;4
133;R1 Llerena;NA;1;H;Ortiga;Ortiga;0;0;0;0;0;0;0;1;12;12;12;12
141;Revolera;NA;1;H;Matachel Sur;Matachel Sur;0;0;0;0;0;0;0;1;12;12;12;12
142;Roura;NA;1;H;Matachel Sur;Matachel Sur;0;0;0;0;0;0;0;1;12;12;12;12
143;Roya;NA;1;H;Ortiga;Ortiga;0;0;0;0;0;0;0;1;12;12;12;12
144;Rusia;NA;1;H;Matachel Sur;Matachel Sur;0;0;0;0;0;0;0;1;12;12;12;12
148;R3 Miera;NA;1;H;Valdecañas;Valdecañas;0;0;0;0;0;0;0;1;2;12;12;12
149;Raspona;NA;1;H;Matachel Sur;Matachel Sur;0;0;0;0;0;0;0;1;2;12;12;12
150;Real;NA;1;H;Matachel Norte;Matachel Norte;0;0;0;0;0;0;0;1;2;12;12;12
154;Rudita;NA;1;H;Matachel Norte;Matachel Norte;0;0;0;0;0;0;0;1;2;12;12;12
152;Robledilla;NA;1;H;Matachel Sur;Matachel Sur;0;0;0;0;0;0;0;1;2;12;5;5
157;R2 Miera;NA;1;H;Valdecañas;Valdecañas;0;0;0;0;0;0;0;1;2;10;12;12
160;Rana;NA;1;H;Matachel Sur;Matachel Sur;0;0;0;0;0;0;0;1;2;10;12;12
158;Rapasova;NA;1;H;Matachel Sur;Matachel Sur;0;0;0;0;0;0;0;1;2;10;12;12
161;Renta;NA;1;H;Matachel Norte;Matachel Norte;0;0;0;0;0;0;0;1;2;10;12;12
162;Retráctil;NA;1;H;Matachel Sur;Matachel Sur;0;0;0;0;0;0;0;1;2;10;12;12
163;Rodonita;NA;1;H;Matachel Sur;Matachel Sur;0;0;0;0;0;0;0;1;2;10;12;12
159;Rueca;NA;1;H;Matachel Sur;Matachel Sur;0;0;0;0;0;0;0;1;2;10;12;12
169;Radiante;NA;1;H;Matachel Norte;Cornalvo;1;0;0;0;0;0;0;1;2;6;7;11
175;Romerola;NA;1;H;Matachel Sur;Matachel Sur;0;0;0;0;0;0;0;1;2;4;5;4
166;Razón;NA;1;H;Matachel Sur;Matachel Sur;0;0;0;0;0;0;0;1;2;3;12;12
167;Reuma;NA;1;H;Matachel Norte;Matachel Norte;0;0;0;0;0;0;0;1;2;3;12;12
171;Raigambre;NA;1;H;Matachel Sur;Matachel Sur;0;0;0;0;0;0;0;1;2;3;10;12
168;Ramilla;NA;1;H;Matachel Sur;Matachel Sur;0;0;0;0;0;0;0;1;2;3;5;5
174;Rhipsalis;NA;1;H;Matachel Sur;Matachel Sur;0;0;0;0;0;0;0;1;2;3;4;5
165;Russula;NA;1;H;Matachel Sur;Matachel Sur;0;0;0;0;0;0;0;1;2;3;4;4
170;Ráfaga;NA;1;H;Matachel Sur;Matachel Sur;0;0;0;0;0;0;0;1;2;3;4;5
240;Rea;1;2;H;Matachel Sur;Matachel Sur;0;0;0;0;0;0;0;0;2;12;12;4
242;Resina;1;2;H;Matachel Sur;Matachel Sur;0;0;0;0;0;0;0;0;2;10;12;12
243;Rabanada;1;2;H;Matachel Sur;Matachel Sur;0;0;0;0;0;0;0;0;2;3;4;4
200;S1 Nevada;NA;1;H;Matachel Sur;Matachel Sur;0;0;0;0;0;0;0;0;1;10;12;12
201;S1 Quilatar;NA;1;H;Matachel Sur;Matachel Sur;0;0;0;0;0;0;0;0;1;10;12;12
203;S1 Llerena;NA;1;H;Ortiga;Ortiga;0;0;0;0;0;0;0;0;1;2;12;12
208;Sede;NA;1;H;Matachel Sur;Ortiga;0;0;0;0;0;0;0;0;1;2;12;7
210;Serranía;NA;1;H;Valdecigüeñas;Valdecigüeñas;0;0;0;0;0;0;0;0;1;2;12;12
212;Seseña;NA;1;H;Matachel Sur;Matachel Sur;0;0;0;0;0;0;0;0;1;2;12;12
214;Soja;NA;1;H;Matachel Sur;Matachel Sur;0;0;0;0;0;0;0;0;1;2;12;12
215;Soleá;NA;1;H;Matachel Norte;Matachel Norte;0;0;0;0;0;0;0;0;1;2;12;12
218;Sudán;NA;1;H;Valdecañas;Valdecañas;0;0;0;0;0;0;0;0;1;2;12;12
219;Suecia;NA;1;H;Matachel Norte;Matachel Norte;0;0;0;0;0;0;0;0;1;2;12;12
226;Señora;NA;1;H;Matachel Norte;Ortiga;0;0;0;0;0;0;0;0;1;2;6;8
223;Sacarina;NA;1;H;Matachel Sur;Matachel Sur;0;0;0;0;0;0;0;0;1;2;4;5
232;Secuoya;NA;1;H;Valdecañas;Valdecañas;0;0;0;0;0;0;0;0;1;2;4;4
230;Sabana;NA;1;H;Matachel Sur;Matachel Sur;0;0;0;0;0;0;0;0;1;2;4;4
231;Sargenta;NA;1;H;Matachel Sur;Matachel Sur;0;0;0;0;0;0;0;0;1;2;4;4
222;Saba;NA;1;H;Ortiga;Ortiga;0;0;0;0;0;0;0;0;1;2;3;5
224;Sardana;NA;1;H;Matachel Sur;Matachel Sur;0;0;0;0;0;0;0;0;1;2;3;5
209;Sephora;NA;1;H;Matachel Norte;Matachel Norte;0;0;0;0;0;0;0;0;1;2;3;5
225;Sensata;NA;1;H;Ortiga;Ortiga;0;0;0;0;0;0;0;0;1;2;3;4
228;Sonaja;NA;1;H;Ortiga;Ortiga;0;0;0;0;0;0;0;0;1;2;3;4
229;Suria;NA;1;H;Matachel Sur;Matachel Sur;0;0;0;0;0;0;0;0;1;2;3;4
310;Seiva;1;2;H;Ortiga;Ortiga;0;0;0;0;0;0;0;0;0;2;10;12
311;Serp;1;2;H;Sotillo;Sotillo;0;0;0;0;0;0;0;0;0;2;10;12
312;Selva;1;2;H;Ortiga;Córdoba;1;0;0;0;0;0;0;0;0;2;9;12
314;Sicilia;1;2;H;Sotillo;Sotillo;0;0;0;0;0;0;0;0;0;2;4;4
316;Silene;1;2;H;Matachel Sur;Matachel Sur;0;0;0;0;0;0;0;0;0;2;3;5
256;Timina;NA;1;H;Matachel Sur;Matachel Sur;0;0;0;0;0;0;0;0;0;1;12;12
257;Tormenta;NA;1;H;Matachel Sur;Matachel Sur;0;0;0;0;0;0;0;0;0;1;12;12
266;Taiga;NA;1;H;Matachel Sur;Matachel Sur;0;0;0;0;0;0;0;0;0;1;2;12
277;Tataki;NA;1;H;Matachel Sur;Matachel Sur;0;0;0;0;0;0;0;0;0;1;2;12
278;Teide;NA;1;H;Matachel Sur;Matachel Sur;0;0;0;0;0;0;0;0;0;1;2;12
308;Torrija;NA;1;H;Matachel Sur;Matachel Sur;0;0;0;0;0;0;0;0;0;1;2;12
298;Toscana;NA;1;H;Matachel Sur;Matachel Sur;0;0;0;0;0;0;0;0;0;1;2;12
267;Tailandia;NA;1;H;Matachel Sur;Matachel Sur;0;0;0;0;0;0;0;0;0;1;2;10
274;Tarawa;NA;1;H;Valdecañas;Valdecañas;0;0;0;0;0;0;0;0;0;1;2;10
275;Tártara;NA;1;H;Matachel Norte;Matachel Norte;0;0;0;0;0;0;0;0;0;1;2;10
292;Tirolesa;NA;1;H;Matachel Sur;Matachel Sur;0;0;0;0;0;0;0;0;0;1;2;10
281;Tereza;NA;1;H;Matachel Sur;Ortiga;0;0;0;0;0;0;0;0;0;1;2;6
273;Tarántula;NA;1;H;Matachel Norte;Matachel Norte;0;0;0;0;0;0;0;0;0;1;2;4
269;Talega;NA;1;H;Matachel Sur;Matachel Sur;0;0;0;0;0;0;0;0;0;1;2;3
276;Tasca;NA;1;H;Matachel Sur;Matachel Sur;0;0;0;0;0;0;0;0;0;1;2;3
279;Temperatura;NA;1;H;Matachel Norte;Matachel Norte;0;0;0;0;0;0;0;0;0;1;2;3
282;Terra;NA;1;H;Matachel Sur;Matachel Sur;0;0;0;0;0;0;0;0;0;1;2;3
284;Tesalia;NA;1;H;Valdecañas;Valdecañas;0;0;0;0;0;0;0;0;0;1;2;3
285;Testuda;NA;1;H;Matachel Norte;Ortiga;0;0;0;0;0;0;0;0;0;1;2;6
291;Tintilla;NA;1;H;Matachel Sur;Matachel Sur;0;0;0;0;0;0;0;0;0;1;2;3
299;Totovía;NA;1;H;Matachel Sur;Matachel Sur;0;0;0;0;0;0;0;0;0;1;2;3
303;Traza;NA;1;H;Matachel Sur;Ortiga;0;0;0;0;0;0;0;0;0;1;2;6
306;Túnica;NA;1;H;Valdecañas;Valdecañas;0;0;0;0;0;0;0;0;0;1;2;3
307;Tuya;NA;1;H;Matachel Sur;Matachel Sur;0;0;0;0;0;0;0;0;0;1;2;3
417;Tigrilla;1;2;H;Sotillo;Sotillo;0;0;0;0;0;0;0;0;0;0;2;12
420;Teia;1;2;H;Valdecañas;Valdecañas;0;0;0;0;0;0;0;0;0;0;2;10
421;Teja;1;2;H;Valdecañas;Valdecañas;0;0;0;0;0;0;0;0;0;0;2;10
419;Tapia;1;2;H;Ibores;Ibores;0;0;0;0;0;0;0;0;0;0;2;3
423;Tesis;1;2;H;Ortiga;Ortiga;0;0;0;0;0;0;0;0;0;0;2;3
327;U1 Pita;NA;1;H;Ibores;Ibores;0;0;0;0;0;0;0;0;0;0;1;12
336;U1 Rhipsalis;NA;1;H;Matachel Sur;Matachel Sur;0;0;0;0;0;0;0;0;0;0;1;12
341;U1 Secuoya;NA;1;H;Valdecañas;Valdecañas;0;0;0;0;0;0;0;0;0;0;1;12
342;U2 Mene;NA;1;H;Matachel Sur;Matachel Sur;0;0;0;0;0;0;0;0;0;0;1;12
354;U2 Quietamente;NA;1;H;Matachel Sur;Matachel Sur;0;0;0;0;0;0;0;0;0;0;1;12
384;U3 Sicilia;NA;1;H;Sotillo;Sotillo;0;0;0;0;0;0;0;0;0;0;1;12
330;Unesco;NA;1;H;Matachel Centro;Matachel Centro;0;0;0;0;0;0;0;0;0;0;1;12
323;Usura;NA;1;H;Matachel Sur;Matachel Sur;0;0;0;0;0;0;0;0;0;0;1;12
334;U1 Radiante;NA;1;H;Matachel Sur;Matachel Sur;0;0;0;0;0;0;0;0;0;0;1;11
332;U1 Quomoquerais;NA;1;H;Valdecañas;Valdecañas;0;0;0;0;0;0;0;0;0;0;1;10
379;U3 Sabana;NA;1;H;Matachel Sur;Matachel Sur;0;0;0;0;0;0;0;0;0;0;1;10
346;Ubre;NA;1;H;Matachel Norte;Matachel Norte;0;0;0;0;0;0;0;0;0;0;1;2
391;Uda;NA;1;H;Ortiga;Ortiga;0;0;0;0;0;0;0;0;0;0;1;2
392;Udaberri;NA;1;H;Matachel Sur;Matachel Sur;0;0;0;0;0;0;0;0;0;0;1;2
393;Udaya;NA;1;H;Ortiga;Ortiga;0;0;0;0;0;0;0;0;0;0;1;2
394;Ugari;NA;1;H;Sotillo;Sotillo;0;0;0;0;0;0;0;0;0;0;1;2
319;Ukumari;NA;1;H;Matachel Norte;Matachel Norte;0;0;0;0;0;0;0;0;0;0;1;2
340;Ullucu;NA;1;H;Matachel Norte;Matachel Norte;0;0;0;0;0;0;0;0;0;0;1;2
388;Ultramore;NA;1;H;Matachel Norte;Matachel Norte;0;0;0;0;0;0;0;0;0;0;1;2
331;Umita;NA;1;H;Matachel Sur;Matachel Sur;0;0;0;0;0;0;0;0;0;0;1;2
343;Ummanz;NA;1;H;Matachel Norte;Matachel Norte;0;0;0;0;0;0;0;0;0;0;1;2
369;Unciana;NA;1;H;Ortiga;Ortiga;0;0;0;0;0;0;0;0;0;0;1;2
337;Unit;NA;1;H;Matachel Sur;Matachel Sur;0;0;0;0;0;0;0;0;0;0;1;2
325;Urava;NA;1;H;Matachel Norte;Matachel Norte;0;0;0;0;0;0;0;0;0;0;1;2
381;Uraza;NA;1;H;Matachel Norte;Matachel Norte;0;0;0;0;0;0;0;0;0;0;1;2
366;Urmi;NA;1;H;Matachel Sur;Matachel Sur;0;0;0;0;0;0;0;0;0;0;1;2
324;Urretxu;NA;1;H;Matachel Sur;Matachel Sur;0;0;0;0;0;0;0;0;0;0;1;2
407;Usoa;NA;1;H;Matachel Sur;Matachel Sur;0;0;0;0;0;0;0;0;0;0;1;2
335;Usuki;NA;1;H;Matachel Sur;Matachel Sur;0;0;0;0;0;0;0;0;0;0;1;2
347;Uvaya;NA;1;H;Matachel Norte;Matachel Norte;0;0;0;0;0;0;0;0;0;0;1;2
408;Uvilla;NA;1;H;Ortiga;Ortiga;0;0;0;0;0;0;0;0;0;0;1;2
326;Uvira;NA;1;H;Matachel Sur;Matachel Sur;0;0;0;0;0;0;0;0;0;0;1;2
409;Úvula;NA;1;H;Valdecigüeñas;Valdecigüeñas;0;0;0;0;0;0;0;0;0;0;1;2
432;Flora;15;2;H;Valdecañas;Valdecañas;1;0;0;0;0;0;0;0;0;0;0;8
426;Uma;1;2;H;Valdecañas;Valdecañas;0;0;0;0;0;0;0;0;0;0;0;2
427;Umbra;1;2;H;Valdecañas;Valdecañas;0;0;0;0;0;0;0;0;0;0;0;2
430;Usera;1;2;H;Valdecañas;Valdecañas;0;0;0;0;0;0;0;0;0;0;0;2
